onnx::MatMul_2533_bf16,0x00000000,b578d48b5bdebba6fc8a2d85ffb4d75a,3072
model.decoder.norm.bias_bf16,0x00000c00,5184d9190a2515a75d5460bc2eb554d6,1024
onnx::MatMul_2532_bf16,0x00001000,99dfe451b6f6985e37be5f7461c99e03,3276800
/decoder/layers.3/Mul_1_output_0_GELU_table,0x00321000,678ddd5d7037eadf1cfb9d779009ba71,256
/decoder/layers.3/linear1/Add_output_0_Add_bias_int32,0x00321100,51a73c4d1cc5a9c47ff6a62694afda5e,12800
/decoder/layers.3/linear1/Add_output_0_Add_filter_i8,0x00324300,f73a9d51e2183d8373ce723ed5ccc999,1638400
model.decoder.layers.3.norm3.weight_bf16,0x004b4300,625a2966eb33d737cb345d675885a81e,1024
model.decoder.layers.3.norm2.bias_bf16,0x004b4700,84fd1f57e401179d170901d81013b465,1024
/decoder/layers.3/self_attn/Gemm_output_0_Gemm_filter_i8,0x004b4b00,cc3adefb5c9d7ac329d10fed403c84b5,262144
/decoder/layers.3/self_attn/Add_1_output_0_Add_filter_i8,0x004f4b00,4b8207aa86ba87de56c5882c224b88d6,262144
/decoder/layers.3/self_attn/Add_2_output_0_Add_bias_int32,0x00534b00,40c6b71e3f00a4ffc0ddbdb0b49a3a42,2048
/decoder/layers.3/self_attn/Add_2_output_0_Add_filter_i8,0x00535300,e0365144bf33d79e6bf028f921bd4b87,262144
/decoder/layers.2/linear2/Add_output_0_Add_bias_int32,0x00575300,17135ec158b1e043f21f1f747eedd1a8,2048
model.decoder.layers.2.norm3.bias_bf16,0x00575b00,82650b7bffa08a3300e45fa619529f81,1024
model.decoder.layers.2.norm3.weight_bf16,0x00575f00,fa41b67c2f0f3253f0a2ff86ee72e706,1024
model.decoder.layers.2.norm2.weight_bf16,0x00576300,1fff4ef27bd1130bf3948f1444d3e57a,1024
/decoder/layers.2/self_attn/Gemm_output_0_Gemm_bias_int32,0x00576700,0fad748b57b30fa35c9bf8a3a08cb164,2048
/decoder/layers.2/self_attn/Add_1_output_0_Add_bias_int32,0x00576f00,39d802dfaf71871e4bd8e3128da68c74,2048
/decoder/layers.2/self_attn/Add_1_output_0_Add_filter_i8,0x00577700,ae3745e6198c6032b0f6c68d661d7df9,262144
/decoder/layers.2/self_attn/Add_output_0_Add_filter_i8,0x005b7700,a1bbd0d3163732ca3283f034116be7e1,262144
/decoder/layers.2/self_attn/Add_2_output_0_Add_filter_i8,0x005f7700,2c1c00add40464e4f20378d2f1e3f45e,262144
model.decoder.layers.2.norm1.bias_bf16,0x00637700,30badec0f48a66d6353c229a2247c39c,1024
/decoder/layers.3/self_attn/Add_1_output_0_Add_bias_int32,0x00637b00,a28660441ca45b47859be8527a175b95,2048
/decoder/layers.1/linear2/Add_output_0_Add_bias_int32,0x00638300,d12b119b1d3da8042ba23b81785fafd3,2048
/decoder/layers.1/linear2/Add_output_0_Add_filter_i8,0x00638b00,e3d58475ed4b8639df2588257156ea95,1638400
/decoder/layers.1/Mul_1_output_0_GELU_table,0x007c8b00,5d3f5c4cc0099c02360d22f558c97f53,256
/decoder/layers.3/multihead_attn/Gemm_output_0_Gemm_filter_i8,0x007c8c00,86f701e9ba9ad6a05cf7bd6efea74d8d,262144
/decoder/layers.1/linear1/Add_output_0_Add_bias_int32,0x00808c00,92a57c06472e2f1c8f4d8adb94e188d0,12800
/decoder/layers.3/multihead_attn/Add_output_0_Add_bias_int32,0x0080be00,8dc93828b76edc353b82cab114080a06,2048
model.decoder.layers.1.norm3.bias_bf16,0x0080c600,1e8828087fdfa30a32fd70a40f1cf6fb,1024
model.decoder.layers.1.norm3.weight_bf16,0x0080ca00,d6b84790dc7db5bdd6fac42a3b8b97ee,1024
/decoder/layers.1/multihead_attn/Gemm_output_0_Gemm_filter_i8,0x0080ce00,07602126198a1b4f973e9f9d2f8a72a4,262144
/decoder/layers.1/multihead_attn/Add_output_0_Add_filter_i8,0x0084ce00,5a88b4d1d4e88464edfd575f5b48eaa4,262144
/decoder/layers.1/self_attn/Gemm_output_0_Gemm_bias_int32,0x0088ce00,04a5843b8c0f2bc696396e1680be09be,2048
/decoder/layers.1/self_attn/Gemm_output_0_Gemm_filter_i8,0x0088d600,890cd352ceec981363870242c8363ee7,262144
/decoder/layers.1/self_attn/Add_1_output_0_Add_bias_int32,0x008cd600,462392be0ba2e6ef2eb3510851a7e488,2048
/decoder/layers.1/self_attn/Add_1_output_0_Add_filter_i8,0x008cde00,051217d7244f97f39cb29cd5db842f0e,262144
/decoder/layers.1/self_attn/Add_output_0_Add_bias_int32,0x0090de00,df8aee9064518a1294bfa0fbd6052bd8,2048
/decoder/layers.1/linear1/Add_output_0_Add_filter_i8,0x0090e600,763f29ed2e88c093c08126b2326b68c0,1638400
/decoder/layers.1/self_attn/Add_2_output_0_Add_bias_int32,0x00a9e600,2e30fc604306c6e62c657d19703bec8d,2048
model.decoder.layers.1.norm1.bias_bf16,0x00a9ee00,9828ad202a25c80853c88f1ec7a18b0c,1024
model.decoder.layers.1.norm1.weight_bf16,0x00a9f200,cfa985ccd70e6d05bcef327710d2cfb7,1024
/decoder/layers.0/linear2/Add_output_0_Add_bias_int32,0x00a9f600,28e3f4a4a6dea763798050475aaf8bde,2048
/decoder/layers.0/linear2/Add_output_0_Add_filter_i8,0x00a9fe00,16d4e5f099cc02121c927498f60793e4,1638400
/decoder/layers.0/Mul_1_output_0_GELU_table,0x00c2fe00,da9e3eff062f6c4c996f3d572db04a82,256
/decoder/layers.0/linear1/Add_output_0_Add_bias_int32,0x00c2ff00,4ba89c3ffa377783343b6adbaf93df52,12800
/decoder/layers.0/linear1/Add_output_0_Add_filter_i8,0x00c33100,fb293d9af1cde413685aa0bf472a5dd4,1638400
model.decoder.layers.0.norm3.bias_bf16,0x00dc3100,99a284d10d1f4451bf5771b3a42bbfc2,1024
/decoder/layers.2/multihead_attn/Gemm_output_0_Gemm_bias_int32,0x00dc3500,12f6ba9ad2cf6341a091bdc0881608e8,2048
/decoder/layers.0/Add_1_output_0_bf16,0x00dc3d00,c657dd492f5b3bfb666b1a54d2aee28b,8192
/decoder/layers.0/multihead_attn/Gemm_output_0_Gemm_filter_i8,0x00dc5d00,e879467a1d97c5c65f15e92b4af277ba,262144
/decoder/layers.3/self_attn/Gemm_output_0_Gemm_bias_int32,0x00e05d00,86fd0f1218e6b202ccab7dfcf7c1380b,2048
/decoder/layers.0/multihead_attn/Mul_1_output_0_bf16,0x00e06500,5d66ff37364500a233bbc76554c8323a,8192
/decoder/layers.3/multihead_attn/Add_1_output_0_Add_bias_int32,0x00e08500,38a40b3bb9311c6ba0dcfadf757d1634,2048
/decoder/layers.2/multihead_attn/Add_1_output_0_Add_bias_int32,0x00e08d00,ce478a138cc1f5780b792ce3059dfbd7,2048
/decoder/layers.2/multihead_attn/Add_1_output_0_Add_filter_i8,0x00e09500,708d5c2ff5e5735926f1d85a117a87ef,262144
/decoder/layers.2/linear1/Add_output_0_Add_filter_i8,0x00e49500,18d6389ed80ecf0366c8cd86e41061cd,1638400
/decoder/layers.0/multihead_attn/Add_1_output_0_Add_bias_int32,0x00fd9500,fe91d5173ac214d5968f02e40db40526,2048
model.decoder.layers.3.norm1.bias_bf16,0x00fd9d00,05048198096c6be2ab387b761dc4e1fe,1024
/decoder/layers.3/multihead_attn/Add_2_output_0_Add_bias_int32,0x00fda100,11b53b500731428dc0632ccd4f84370a,2048
/decoder/layers.3/multihead_attn/Add_2_output_0_Add_filter_i8,0x00fda900,9e45b855ad42349a55124ffd1b2ae272,262144
/decoder/layers.2/multihead_attn/Add_2_output_0_Add_bias_int32,0x0101a900,5589d1964be8d1586a7f53d84c7db40b,2048
/decoder/layers.2/multihead_attn/Add_2_output_0_Add_filter_i8,0x0101b100,8c38c40f1b2b660b4083b62e299e2767,262144
/decoder/layers.3/multihead_attn/Add_1_output_0_Add_filter_i8,0x0105b100,164b3e8a3b4a7afe28c5f790dd3432ab,262144
/decoder/layers.1/multihead_attn/Add_2_output_0_Add_filter_i8,0x0109b100,31e5322dffbc201b85d2a954e4776a29,262144
/decoder/layers.3/self_attn/Add_output_0_Add_bias_int32,0x010db100,32cc84d788d834ab891131554d87a4fc,2048
model.encoder.norm.bias_bf16,0x010db900,6ca85a2748bc9477fe12664b403219fe,1024
/Unsqueeze_2_output_0_4_bf16,0x010dbd00,87fc8e1172fe85214d055dda1e31124f,52224
/decoder/layers.1/multihead_attn/Add_output_0_Add_bias_int32,0x010e8900,2018aebe186af3d694bb0a11f68eff02,2048
model.encoder.layers.0.norm1.weight_bf16,0x010e9100,b8d8bdf65ed06f32d1b75f5be3fc12a5,1024
/vision_encoder/backbone/backbone.4/backbone.4.0/relu/Relu_output_0_Relu_filter_reordered,0x010e9500,4ebc7439b41823ce8dde8a1c48758e33,36864
/state_encoder/encoder/encoder.2/Add_output_0_Add_filter_i8,0x010f2500,b04a6071f55eb7fab8d294089c0b7c91,262144
/state_encoder/encoder/encoder.0/Add_output_0_Add_bias_int32,0x01132500,db6c59b0de1b7288266cf6717138210a,2048
model.decoder.layers.3.norm2.weight_bf16,0x01132d00,c9d1eeff10ee517f72c04fe8f536823a,1024
/vision_encoder/backbone/backbone.4/backbone.4.0/relu/Relu_output_0_Relu_bias_packed,0x01133100,dca2ab204dd3c47ccbb815456f673537,576
model.action_head.bias,0x01133340,b3f3ca7a0f6e84d0f813ecd4e3ffb126,12
/encoder/layers.2/self_attn/Gemm_output_0_Gemm_bias_int32,0x01133350,8b3cce6d581320dbb4f250cb45955eb5,2048
/latent_proj/Gemm_output_0_Gemm_bias_int32,0x01133b50,0346c040df0927340909a220d7822f6c,2048
/vision_encoder/backbone/backbone.5/backbone.5.1/relu/Relu_output_0_Relu_filter_reordered,0x01134350,65bf748fdad1bbfaee54e934d3f7e7db,147456
/vision_encoder/encoder_img_feat_input_proj/Conv_output_0_Conv_bias_packed,0x01158350,a5bfc025b6093b84a066a60dcfb539a0,4608
/vision_encoder/backbone/backbone.7/backbone.7.1/conv2/Conv_output_0_Conv_filter_reordered,0x01159550,b914a6d08768659b5e18ebbd1a65bae6,2359296
/vision_encoder/backbone/backbone.7/backbone.7.1/conv2/Conv_output_0_Conv_bias_packed,0x01399550,d030e72a5d713b6966394aa1d0566a22,4608
model.encoder.layers.1.norm2.weight_bf16,0x0139a750,b7dce84b81bacff99510642447f40ec1,1024
/vision_encoder/backbone/backbone.7/backbone.7.1/relu/Relu_output_0_Relu_filter_reordered,0x0139ab50,68b953773c22117d288be4bf3d7d8ed6,2359296
/vision_encoder/backbone/backbone.5/backbone.5.1/conv2/Conv_output_0_Conv_bias_packed,0x015dab50,edd7747399bf0438ff27558fbb9430b4,1152
/decoder/layers.3/multihead_attn/Gemm_output_0_Gemm_bias_int32,0x015dafd0,e2cb9dca211978e50bf11d5c65f490ab,2048
/decoder/layers.1/multihead_attn/Add_1_output_0_Add_bias_int32,0x015db7d0,e86685ea57b644d97c1dcf5a50f8803c,2048
/encoder/layers.3/Mul_1_output_0_GELU_table,0x015dbfd0,e21d2bd8dda8026b8f29976d355dee0e,256
/decoder/layers.2/self_attn/Add_output_0_Add_bias_int32,0x015dc0d0,2ce13ecf2e99245a14414c403d452579,2048
model.decoder.layers.1.norm2.bias_bf16,0x015dc8d0,de659e5d5778b72e731cc8a169366f78,1024
/vision_encoder/backbone/backbone.7/backbone.7.0/relu/Relu_output_0_Relu_bias_packed,0x015dccd0,d7c32e1c117ff81d91483bd0295343a0,4608
/vision_encoder/backbone/backbone.6/backbone.6.1/conv2/Conv_output_0_Conv_filter_reordered,0x015dded0,ce3dbd80f1fb8dc53beaa380f350d493,589824
/encoder/layers.0/self_attn/Mul_1_output_0_Mul_table,0x0166ded0,e2c865db4162bed963bfaa9ef6ac18f0,256
/vision_encoder/backbone/backbone.4/backbone.4.0/conv2/Conv_output_0_Conv_filter_reordered,0x0166dfd0,ac2623fc925ab04ab1846c8aa9d2918c,36864
/decoder/layers.1/self_attn/Add_output_0_Add_filter_i8,0x01676fd0,b5a845d94afb78e0ded49313ea05f4fc,262144
/encoder/layers.1/Mul_1_output_0_GELU_table,0x016b6fd0,d30f62f159d74be538bee3bf6f34cbf5,256
/vision_encoder/backbone/backbone.4/backbone.4.0/conv2/Conv_output_0_Conv_bias_packed,0x016b70d0,1427cd8419f06142d3ecd26e86cb4eb2,576
/vision_encoder/backbone/backbone.2/Relu_output_0_Relu_filter_reordered,0x016b7310,639352372f69f4817a728b1b588f51a8,12544
/encoder/layers.0/self_attn/Add_output_0_Add_bias_int32,0x016ba410,f50a74bef7339aa3bab15510b22695a1,2048
/state_encoder/encoder/encoder.1/Mul_1_output_0_GELU_table,0x016bac10,712486ce9fdb40961fcaba4b55d17a23,256
/vision_encoder/backbone/backbone.4/backbone.4.1/relu/Relu_output_0_Relu_bias_packed,0x016bad10,1bc8f1a77fd7a58920acdba26d29784d,576
/decoder/layers.0/multihead_attn/Add_1_output_0_Add_filter_i8,0x016baf50,78802244e3ca700ce669d29b4d759ad9,262144
/encoder/layers.3/self_attn/Gemm_output_0_Gemm_filter_i8,0x016faf50,0cedaf3b24f808f25e2007f8dfc5e18b,262144
/vision_encoder/backbone/backbone.6/backbone.6.0/downsample/downsample.0/Conv_output_0_Conv_bias_packed,0x0173af50,824c2f0740c4d0df65a3a736cda1034e,2304
model.encoder.layers.3.norm2.weight_bf16,0x0173b850,28dbb8afe107dc7f839037cf59e2a411,1024
model.decoder.layers.3.norm1.weight_bf16,0x0173bc50,193fd2560246dfa24c8988341152a169,1024
/state_encoder/encoder/encoder.0/Add_output_0_Add_filter_i8,0x0173c050,09b72a822d713e4e9aeb0add53ab5358,1024
/vision_encoder/backbone/backbone.6/backbone.6.1/relu/Relu_output_0_Relu_filter_reordered,0x0173c450,130f5ab5882e228b2b6bff584ea8b6a1,589824
model.encoder.layers.0.norm1.bias_bf16,0x017cc450,9f0026a7bec19ac5b809398c19eab645,1024
/vision_encoder/backbone/backbone.4/backbone.4.1/conv2/Conv_output_0_Conv_filter_reordered,0x017cc850,c1b5caf7cf5d326bfd7dd65262cfff96,36864
/encoder/layers.0/self_attn/Add_2_output_0_Add_filter_i8,0x017d5850,cd45c2675ab5ac2ebfd0d5b879f13bc0,262144
/encoder/layers.3/self_attn/Add_output_0_Add_bias_int32,0x01815850,99fb6449a8a6e40463a2c4fdc9dc2098,2048
/Expand_output_0_5_bf16,0x01816050,5d675ace8d510126b59f2a61ce81b5b9,8192
/encoder/layers.0/linear1/Add_output_0_Add_bias_int32,0x01818050,f758f0763019cad2cecbd995a9693ee4,12800
/latent_proj/Gemm_output_0_Gemm_filter_i8,0x0181b250,f4452800a64d2b4e2e03632308523a37,16384
/encoder/layers.2/self_attn/Add_2_output_0_Add_bias_int32,0x0181f250,8427d3cad98b7cfa0d10f9e3400f8329,2048
/vision_encoder/backbone/backbone.2/Relu_output_0_Relu_bias_packed,0x0181fa50,5347775969520a73d554d652efbe44e1,576
/vision_encoder/backbone/backbone.5/backbone.5.0/relu/Relu_output_0_Relu_bias_packed,0x0181fc90,fa67ec16c268c45c4dd46aadf779ca3e,1152
/vision_encoder/backbone/backbone.5/backbone.5.0/relu/Relu_output_0_Relu_filter_reordered,0x01820110,cc598cb56279ce54317f3290207037f7,73728
/decoder/layers.3/multihead_attn/Add_output_0_Add_filter_i8,0x01832110,1b36f3c77a341e7c8920acf3ed1c2281,262144
/decoder/layers.2/self_attn/Add_2_output_0_Add_bias_int32,0x01872110,03fbf3e4919fbfc9cbd650fc0c19b487,2048
/encoder/layers.0/self_attn/Add_output_0_Add_filter_i8,0x01872910,b8ff98b5f046a96d49bc3cc625131211,262144
/encoder/layers.3/self_attn/Add_2_output_0_Add_filter_i8,0x018b2910,1c9d520d36c5985d496a3dc4f983d1a8,262144
/vision_encoder/backbone/backbone.5/backbone.5.0/conv2/Conv_output_0_Conv_bias_packed,0x018f2910,1120ba5e4a08667d22a0c37442ad183e,1152
/encoder/layers.0/self_attn/Add_2_output_0_Add_bias_int32,0x018f2d90,580d06b0a2143ebd750aa1a8867512fe,2048
/decoder/layers.2/self_attn/Gemm_output_0_Gemm_filter_i8,0x018f3590,7c122d007c678f4dc7764e09048416cd,262144
/vision_encoder/backbone/backbone.5/backbone.5.0/downsample/downsample.0/Conv_output_0_Conv_bias_packed,0x01933590,3c27021f0b42a46a5ca6e6f86bb774a1,1152
/vision_encoder/backbone/backbone.5/backbone.5.1/relu/Relu_output_0_Relu_bias_packed,0x01933a10,a739a4518b84f5afd44dbfb2ec0ce597,1152
/vision_encoder/encoder_cam_feat_pos_embed/Transpose_output_0_bf16,0x01933e90,b4bba29239cca76b7e79cd42a9403e01,50176
/decoder/layers.1/multihead_attn/Add_1_output_0_Add_filter_i8,0x01940290,840d29615c71a6a64ca2c204eadbe837,262144
/vision_encoder/backbone/backbone.6/backbone.6.0/conv2/Conv_output_0_Conv_bias_packed,0x01980290,ac183b95b2b29e9788e3a7636cff131a,2304
/vision_encoder/backbone/backbone.5/backbone.5.1/conv2/Conv_output_0_Conv_filter_reordered,0x01980b90,ae0068dd1baeac127d13e388ec6c2b05,147456
model.decoder.layers.3.linear2.bias,0x019a4b90,13291e21c2c4a9ca2f52463f93eea2eb,2048
/vision_encoder/backbone/backbone.6/backbone.6.0/relu/Relu_output_0_Relu_bias_packed,0x019a5390,c45f7a8a3e7d7d9e15b73272daa1e0df,2304
/encoder/layers.3/self_attn/Add_output_0_Add_filter_i8,0x019a5c90,73ab210c14285f4edab23163671d543b,262144
/encoder/layers.0/norm1/LayerNormalization_output_0_LayerNormalization_mantissa_table_bf16,0x019e5c90,4e0d392b5acae0d00fc526b88748aa56,512
/vision_encoder/backbone/backbone.7/backbone.7.1/relu/Relu_output_0_Relu_bias_packed,0x019e5e90,4c58e4b429481637d6f2975ed8d632df,4608
/vision_encoder/backbone/backbone.4/backbone.4.1/relu/Relu_output_0_Relu_filter_reordered,0x019e7090,536b0ddc6b017dea165179c2a17bba29,36864
/state_encoder/encoder/encoder.2/Add_output_0_Add_bias_int32,0x019f0090,da9498756d726aa0531b69051ce4c1bf,2048
/vision_encoder/backbone/backbone.7/backbone.7.0/downsample/downsample.0/Conv_output_0_Conv_bias_packed,0x019f0890,776bf0a2b19cf00bff8de296c6a6dab2,4608
/vision_encoder/backbone/backbone.6/backbone.6.1/conv2/Conv_output_0_Conv_bias_packed,0x019f1a90,6e532ccfacddde77325d7e71efab1ece,2304
/encoder/layers.0/self_attn/Gemm_output_0_Gemm_bias_int32,0x019f2390,b0d44e906c0fd0e578d75fdc028c77a9,2048
/encoder/layers.1/linear1/Add_output_0_Add_bias_int32,0x019f2b90,cbe4a236aa1c8e07c4878d6779f07e82,12800
/vision_encoder/backbone/backbone.6/backbone.6.0/relu/Relu_output_0_Relu_filter_reordered,0x019f5d90,ef5d29dccc4976d666287020adc8ad0c,294912
/vision_encoder/backbone/backbone.6/backbone.6.0/conv2/Conv_output_0_Conv_filter_reordered,0x01a3dd90,3622c55255508b44b6f1af726d5cb7aa,589824
/vision_encoder/backbone/backbone.6/backbone.6.0/downsample/downsample.0/Conv_output_0_Conv_filter_reordered,0x01acdd90,de8ccc6af1959891ae8f0429114e34cc,32768
model.encoder.layers.1.norm1.bias_bf16,0x01ad5d90,794a77e2eee4215123196bd9fb561b58,1024
/decoder/layers.0/multihead_attn/Add_2_output_0_Add_bias_int32,0x01ad6190,51dbd3f1c8b7e60d510ab98a2d3d1c79,2048
/encoder/layers.3/self_attn/Add_1_output_0_Add_bias_int32,0x01ad6990,987ebd28319e81444c2a255ef309c7fa,2048
/vision_encoder/backbone/backbone.7/backbone.7.0/conv2/Conv_output_0_Conv_bias_packed,0x01ad7190,72f8ee0f3a33bebfe6b323185526c9c3,4608
/vision_encoder/backbone/backbone.5/backbone.5.0/conv2/Conv_output_0_Conv_filter_reordered,0x01ad8390,e40308973363c0bb7bc50901c8f1965d,147456
/vision_encoder/backbone/backbone.6/backbone.6.1/relu/Relu_output_0_Relu_bias_packed,0x01afc390,295208ab23c52df7e1a53a44d3c25caf,2304
/encoder/layers.0/norm1/LayerNormalization_output_0_LayerNormalization_table_bf16,0x01afcc90,243817cd59d4be97c3cda0459d408061,512
/encoder/layers.0/self_attn/Softmax_output_0_Softmax_slope_table_bf16,0x01afce90,ac8c9fd3dc763bcc460b6298d6171458,512
/decoder/layers.2/Mul_1_output_0_GELU_table,0x01afd090,b241df3ab95069cfda87fb4f52bcde47,256
/encoder/layers.0/self_attn/Add_1_output_0_Add_filter_i8,0x01afd190,cf11afce766e3c38975d70bd00c26401,262144
/decoder/layers.2/linear2/Add_output_0_Add_filter_i8,0x01b3d190,20edadb38d9fff29c89d6a90ec9a754c,1638400
/encoder/layers.0/self_attn/Add_1_output_0_Add_bias_int32,0x01ccd190,e19021cca47ed7b38cc7446a03b5f81d,2048
/encoder/layers.2/self_attn/Add_2_output_0_Add_filter_i8,0x01ccd990,8a33f6984a24c20f519704ec17152270,262144
model.decoder.layers.3.norm3.bias_bf16,0x01d0d990,eb7c91f3ad360531a68471a9bd3e53ae,1024
/vision_encoder/backbone/backbone.5/backbone.5.0/downsample/downsample.0/Conv_output_0_Conv_filter_reordered,0x01d0dd90,8ee130d31e5951dc11b535e8842b32c5,8192
/encoder/layers.2/self_attn/Add_output_0_Add_filter_i8,0x01d0fd90,42f2c6c57e1f2b8e4b0f376b8ec2d74c,262144
/vision_encoder/backbone/backbone.4/backbone.4.1/conv2/Conv_output_0_Conv_bias_packed,0x01d4fd90,389aec8bd04322df2ee53b832edd6c23,576
/encoder/layers.0/self_attn/Softmax_output_0_Softmax_slope_slope_table_bf16,0x01d4ffd0,4d4e3422dc2d478598fd158ca28969b3,512
/encoder/layers.0/linear2/Add_output_0_Add_bias_int32,0x01d501d0,d47abc1e746b88cbfd52fe732918db6a,2048
/encoder/layers.0/self_attn/Softmax_output_0_Softmax_pow_table_bf16,0x01d509d0,e440c362c612682199b9525c4610e38d,512
model.decoder.layers.0.norm3.weight_bf16,0x01d50bd0,b34fa76a7e683fda7a92aa4ede9cd2ee,1024
/encoder/layers.0/self_attn/Softmax_output_0_Softmax_pow_mantissa_table_bf16,0x01d50fd0,b03a305a67c67db9b63f5160933c8931,512
/encoder/layers.0/self_attn/Gemm_output_0_Gemm_filter_i8,0x01d511d0,feb7cdbb2a85ec32be16f1be8c27778c,262144
model.encoder.layers.0.norm2.bias_bf16,0x01d911d0,c7c51de72dc376a3cb3618a97f9f5951,1024
/encoder/layers.2/linear1/Add_output_0_Add_bias_int32,0x01d915d0,c1e7d921414d90a99579d9012cf66257,12800
/encoder/layers.3/linear2/Add_output_0_Add_filter_i8,0x01d947d0,d8cccacd42dbe7640b65615611bd1517,1638400
/decoder/layers.1/self_attn/Add_2_output_0_Add_filter_i8,0x01f247d0,619151babfb82b6bf2c9e489b84145e1,262144
/encoder/layers.0/linear1/Add_output_0_Add_filter_i8,0x01f647d0,912e9a4621787648246667bc0ce78c4c,1638400
/encoder/layers.1/linear2/Add_output_0_Add_filter_i8,0x020f47d0,f27417595fc143c4a29d59cfdcfbe7cd,1638400
/decoder/layers.3/self_attn/Add_output_0_Add_filter_i8,0x022847d0,bbf8a86dc8f56139cd882aa87fdf884a,262144
/encoder/layers.0/Mul_1_output_0_GELU_table,0x022c47d0,ea6d9170f8f352984190e7f2e810e724,256
/encoder/layers.0/linear2/Add_output_0_Add_filter_i8,0x022c48d0,b5fdec928cbd960eb1ccc25718e2809a,1638400
/decoder/layers.2/multihead_attn/Add_output_0_Add_filter_i8,0x024548d0,7638a6bf5e7fd5254ae36c29c21ca8af,262144
model.encoder.layers.1.norm1.weight_bf16,0x024948d0,0acb7e7a69f62d30f8bb536cb2d323d4,1024
model.decoder.norm.weight_bf16,0x02494cd0,79d0772c1ae350372cb38733cb6784c3,1024
/encoder/layers.1/self_attn/Add_1_output_0_Add_bias_int32,0x024950d0,8ac6d4f254636a3ebb3a28d604d32030,2048
/encoder/layers.3/self_attn/Gemm_output_0_Gemm_bias_int32,0x024958d0,4b6ce70acf88db83b603e668e6413af6,2048
/encoder/layers.1/self_attn/Add_2_output_0_Add_filter_i8,0x024960d0,85b4c03db5b109f82342b2e277f817e8,262144
/vision_encoder/backbone/backbone.7/backbone.7.0/conv2/Conv_output_0_Conv_filter_reordered,0x024d60d0,10cc46ecd7937e0ee1840fcd3f443a46,2359296
/encoder/layers.1/self_attn/Add_2_output_0_Add_bias_int32,0x027160d0,3aa32bf19d6313e0126998948953289c,2048
/decoder/layers.2/linear1/Add_output_0_Add_bias_int32,0x027168d0,92e1aed4b5a310c29559abb58de8361a,12800
model.encoder.layers.1.norm2.bias_bf16,0x02719ad0,724221fbef550b8ea552fae5a5cace59,1024
/encoder/layers.1/self_attn/Add_output_0_Add_filter_i8,0x02719ed0,f6c1db409fa37d7f4c548128b7ba7c52,262144
/encoder/layers.1/self_attn/Add_output_0_Add_bias_int32,0x02759ed0,a732addd4d0fcd56323d6c9286587cd9,2048
/encoder/layers.3/self_attn/Add_1_output_0_Add_filter_i8,0x0275a6d0,d5d2e3d0601312d8009d9d9a1bf985fe,262144
/vision_encoder/backbone/backbone.7/backbone.7.0/relu/Relu_output_0_Relu_filter_reordered,0x0279a6d0,7177a5d39ed47f526e7263733e93f8ec,1179648
/encoder/layers.1/self_attn/Add_1_output_0_Add_filter_i8,0x028ba6d0,2616d376103bdda13c93b4f4a404fcae,262144
model.encoder.layers.2.norm2.bias_bf16,0x028fa6d0,9d90a7f286e3827b9f311d4857700ed2,1024
/encoder/layers.1/self_attn/Gemm_output_0_Gemm_filter_i8,0x028faad0,f732364606413c0b22e7c171751253c2,262144
/encoder/layers.1/self_attn/Gemm_output_0_Gemm_bias_int32,0x0293aad0,bb3c1d3ba7c60487931fa0e22ba76675,2048
model.decoder.layers.1.norm2.weight_bf16,0x0293b2d0,676e5050ed44e0c6f06932fb06f31d84,1024
/vision_encoder/encoder_img_feat_input_proj/Conv_output_0_Conv_filter_reordered,0x0293b6d0,7ebfda1f855af1ab2d71b5507c540435,262144
/encoder/layers.1/linear1/Add_output_0_Add_filter_i8,0x0297b6d0,282a3fd81cf8e9b0548339bac57a835f,1638400
/encoder/layers.1/linear2/Add_output_0_Add_bias_int32,0x02b0b6d0,a5e1472567db4fadb9109f0820a782cd,2048
/decoder/layers.2/multihead_attn/Gemm_output_0_Gemm_filter_i8,0x02b0bed0,78b2dedcec18833f435b732389652ca9,262144
model.encoder.layers.2.norm1.weight_bf16,0x02b4bed0,ba7d9803991c27d2343b1353e6a66816,1024
/encoder/layers.2/self_attn/Gemm_output_0_Gemm_filter_i8,0x02b4c2d0,4af677c1b509dce87acfd1b82155d07d,262144
model.encoder.layers.2.norm1.bias_bf16,0x02b8c2d0,96c46f41f42e5b5e0ff15b9abce545af,1024
/encoder/layers.2/self_attn/Add_1_output_0_Add_filter_i8,0x02b8c6d0,bf152497d1636b182390c7888e329220,262144
/encoder/layers.2/self_attn/Add_1_output_0_Add_bias_int32,0x02bcc6d0,9898819aa549650764646f963e8b5e72,2048
model.encoder.layers.2.norm2.weight_bf16,0x02bcced0,b7bea9a7948180ae5d35fc1987036b1f,1024
/encoder/layers.2/linear2/Add_output_0_Add_filter_i8,0x02bcd2d0,8ac3383ee2382c573cf1b8bdfc18dda9,1638400
/vision_encoder/backbone/backbone.7/backbone.7.0/downsample/downsample.0/Conv_output_0_Conv_filter_reordered,0x02d5d2d0,48e279eb77515c771ee3c91975a0c9ac,131072
/encoder/layers.2/linear2/Add_output_0_Add_bias_int32,0x02d7d2d0,93e3eea7b18bc0120a19a090805ba577,2048
/encoder/layers.2/Mul_1_output_0_GELU_table,0x02d7dad0,24844256875d0ab6888f9954c249ef72,256
model.encoder.layers.3.norm1.weight_bf16,0x02d7dbd0,ee45e9567373b0a4a9796073ccd0f924,1024
/decoder/layers.1/multihead_attn/Gemm_output_0_Gemm_bias_int32,0x02d7dfd0,06faab059b6f0be20eedee272e94bcf0,2048
model.encoder.layers.3.norm1.bias_bf16,0x02d7e7d0,873de41dfe4354821aa2a401ce8746a0,1024
/decoder/layers.1/multihead_attn/Add_2_output_0_Add_bias_int32,0x02d7ebd0,05f629f9d525c2460219f0b3ee7a1555,2048
/decoder/layers.0/multihead_attn/Add_2_output_0_Add_filter_i8,0x02d7f3d0,08b1b6501560ef85df340ebd5419d0a9,262144
/encoder/layers.3/self_attn/Add_2_output_0_Add_bias_int32,0x02dbf3d0,4a58c1cd6d4b730efc027216ce6c6416,2048
/decoder/layers.2/multihead_attn/Add_output_0_Add_bias_int32,0x02dbfbd0,a48f02d58b120eedec972f261e125733,2048
model.encoder.layers.0.norm2.weight_bf16,0x02dc03d0,9f47a2cdd7f829245a5239a1748e5fec,1024
model.encoder.norm.weight_bf16,0x02dc07d0,a3c6d9be571e97aac3972bffc81ac013,1024
/decoder/layers.0/multihead_attn/Gemm_output_0_Gemm_bias_int32,0x02dc0bd0,b7bd90d93251176b8d3c102b16b6c2ad,2048
/encoder/layers.2/self_attn/Add_output_0_Add_bias_int32,0x02dc13d0,6910b9bb189cba1ad0c78f0787322fc4,2048
model.encoder.layers.3.norm2.bias_bf16,0x02dc1bd0,c329a36cc0a5d16294224369b04db13b,1024
/encoder/layers.2/linear1/Add_output_0_Add_filter_i8,0x02dc1fd0,4d36fcfaf285d6143d49765bcc9d6049,1638400
/encoder/layers.3/linear1/Add_output_0_Add_filter_i8,0x02f51fd0,eddc2416e8c0b4e87995fbf136002d89,1638400
model.decoder.layers.2.norm1.weight_bf16,0x030e1fd0,00c5e55c4a88b30257479e4a09f61b75,1024
/encoder/layers.3/linear1/Add_output_0_Add_bias_int32,0x030e23d0,f7db22fa19657a70afc8c78319c482e9,12800
model.decoder.layers.2.norm2.bias_bf16,0x030e55d0,97f9e8e60633393a46d24ad44a534415,1024
/encoder/layers.3/linear2/Add_output_0_Add_bias_int32,0x030e59d0,3451d72e596bf3d2641d1b276d16275e,2048
